https://metanit.com/		 -- 100997 hits;   Total hits -- 100997 hits.
https://dart.dev/tools/sdk/archive 
https://macos.telegram.org/ 
https://macos.telegram.org/?setln=fr 
https://metanit.com/dart/ 
https://metanit.com/dart/flutter/1.1.php 
https://metanit.com/dart/questions/ 
https://metanit.com/dart/questions/1.4.php 
https://metanit.com/dart/questions/1.5.php 
https://metanit.com/dart/tutorial/1.1.php 
https://metanit.com/dart/tutorial/2.8.php 
https://metanit.com/dart/tutorial/3.5.php 
https://metanit.com/dart/tutorial/4.7.php 
https://metanit.com/java/android/ 
https://metanit.com/java/android/1.2.php 
https://metanit.com/java/android/11.1.php 
https://metanit.com/java/android/12.3.php 
https://metanit.com/java/android/13.1.php 
https://metanit.com/java/android/14.2.php 
https://metanit.com/java/android/14.3.php 
https://metanit.com/java/android/18.1.php 
https://metanit.com/java/android/2.12.php 
https://metanit.com/java/android/2.4.php 
https://metanit.com/java/android/20.4.php 
https://metanit.com/java/android/21.1.php 
https://metanit.com/java/android/3.12.php 
https://metanit.com/java/android/3.6.php 
https://metanit.com/java/android/4.12.php 
https://metanit.com/java/android/4.3.php 
https://metanit.com/java/android/4.6.php 
https://metanit.com/java/android/5.11.php 
https://metanit.com/java/android/5.12.php 
https://metanit.com/java/android/5.8.php 
https://metanit.com/java/android/6.2.php 
https://metanit.com/java/android/8.1.php 
https://metanit.com/sharp/tutorial/11.3.php 
https://metanit.com/sharp/tutorial/12.4.php 
https://metanit.com/sharp/tutorial/12.5.php 
https://metanit.com/sharp/tutorial/14.4.php 
https://metanit.com/sharp/tutorial/16.7.php 
https://metanit.com/sharp/tutorial/2.13.php 
https://metanit.com/sharp/tutorial/2.21.php 
https://metanit.com/sharp/tutorial/2.26.php 
https://metanit.com/sharp/tutorial/20.5.php 
https://metanit.com/sharp/tutorial/22.4.php 
https://metanit.com/sharp/tutorial/3.13.php 
https://metanit.com/sharp/tutorial/3.26.php 
https://metanit.com/sharp/tutorial/3.29.php 
https://metanit.com/sharp/tutorial/3.3.php 
https://metanit.com/sharp/tutorial/3.34.php 
https://metanit.com/sharp/tutorial/3.51.php 
https://metanit.com/sharp/tutorial/3.6.php 
https://metanit.com/sharp/tutorial/5.2.php 
https://metanit.com/sharp/tutorial/7.1.php 
https://metanit.com/sql/ 
https://metanit.com/web/ 
https://metanit.com/web/jquery/ 
https://metanit.com/web/jquery/6.1.php 
https://metanit.com/web/nodejs/ 
https://metanit.com/web/nodejs/10.1.php 
https://metanit.com/web/nodejs/4.11.php 
https://metanit.com/web/nodejs/4.12.php 
https://metanit.com/web/nodejs/4.16.php 
https://metanit.com/web/nodejs/4.7.php 
https://metanit.com/web/nodejs/6.6.php 
https://metanit.com/web/nodejs/8.5.php 
https://metanit.com/web/nodejs/8.6.php 
https://metanit.com/web/nodejs/9.7.php 
https://metanit.com/web/typescript/ 
https://metanit.com/web/typescript/1.5.php 
https://metanit.com/web/typescript/3.4.php 
https://metanit.com/web/typescript/4.2.php 
https://static.vk.com/restore 
https://t.me/metanit 
https://telegram.org/?setln=ko 
https://telegram.org/?setln=ms 
https://telegram.org/?setln=pt-br 
https://telegram.org/?setln=uz 
https://telegram.org/apps#desktop-apps 
https://telegram.org/blog 
https://telegram.org/blog/?setln=uk 
https://telegram.org/blog/filters-anonymous-admins-comments#channel-comments 
https://telegram.org/blog/pinned-messages-locations-playlists 
https://telegram.org/dl/cli 
https://telegram.org/dl?tme=a0cddf8fc32911d4c7_4564418858075518008 
https://telegram.org/vysheng/tg/search?l=shell 
https://twitter.com/Eugene225 
https://vk.com/ 
https://vk.com/away.php?to=https%3A%2F%2Fmetanit.com 
https://vk.com/away.php?to=https%3A%2F%2Fmetanit.com%2Fjava%2Fandroid%2F&post=-61281696_10381 
https://vk.com/feed?section=search&q=%23xamarin 
https://vk.com/join 
https://vk.com/like?act=publish&object=wall-61281696_10395&from=metanit 
https://vk.com/login?act=fb_sign&to=ZmVlZA-- 
https://vk.com/metanit 
https://vk.com/reports?act=add_community&group_id=61281696&hash=09af818d3bae27df6f 
https://vk.com/settings?act=select_lang&from=3d766dcam9pbg-- 
https://vk.com/video-61281696_456239040?list=13e7ce20040272bb04&from=wall-61281696_10395 
https://vk.com/wall-61281696_10356 
https://www.boost.org/LICENSE_1_0.txt 